0,1,2,3,4,5,6,7,8,9,10,11,12,13,14,15,16,17,18,19,20,21,22,23,24,25,26,27,28,29,30,31,32,33,34,35,36,37,38,39,40
2.5,6.25,15.625,0,0,0,0,0,0,0,30.5,0,0,0,0,0.999851839,0.017213356,0.999407401,0.034421612,0.998666816,0.051619667,0.997630305,0.068802427,0.996298175,0.085964799,0.99467082,0.103101697,0.992748722,0.120208045,0.990532452,0.137278772,0.988022666,0.154308821,0,0,0,0,0,0.01,-4.605170186,47.2
3.05,9.3025,28.372625,2.82,0,0,0,0.55,0.3025,0.166375,30.5,0,0,0,0,0.97874008,0.2051045,0.97874008,0.2051045,0.97874008,0.2051045,0.915864288,0.401487989,0.869589389,0.49377555,0.814046094,0.580800273,0.749826401,0.661634618,0.677614789,0.735417023,0.598180914,0.801361088,0,0,0,0,0,0.06,-2.813410717,48.4
3.89,15.1321,0,3.72,3.18,0,0,0.84,0.7056,0.592704,29.5,29.35714286,0,0,0,0.97874008,0.401487989,0.915864288,0.401487989,0.915864288,0.401487989,0.677614789,0.735417023,0.512371412,0.858763958,0.325342085,0.945596387,0.124479264,0.992222209,-0.081676395,0.996658902,-0.284359187,0.958717817,0,0,0,0,0,0.12,-2.120263536,50.1
4.16,17.3056,0,4.39,4.142,3.26625,0,0.27,0.0729,0.019683,21.5,28.14285714,0,0,0,0.946987753,0.60847687,0.793571609,0.60847687,0.793571609,0.60847687,0.259511797,0.965739938,-0.064508449,0.997917161,-0.38168922,0.924290722,-0.658401585,0.752666828,-0.865307254,0.501241813,-0.98046916,0.19667289,0,0,0,0,0,0.19,-1.660731207,48.9
4.46,19.8916,0,4.39,4.242,4.16,0,0.3,0.09,0.027,29,25.07142857,0,0,0,0.901501684,0.780295851,0.625410573,0.780295851,0.625410573,0.780295851,-0.21772323,0.976010551,-0.618671403,0.785649855,-0.897743394,0.440518784,-0.999962959,0.008606997,-0.90519319,-0.42500034,-0.632103411,-0.774884041,0,0,0,0,0,0.26,-1.347073648,48.1
4.51,20.3401,0,4.405,4.404,4.28875,3.606,0.05,0.0025,0.000125,28.5,27,27.52173913,0,0,0.842941537,0.907013813,0.421100871,0.907013813,0.421100871,0.907013813,-0.645348113,0.763888613,-0.954966755,0.296712819,-0.964614176,-0.263665493,-0.671259958,-0.741222011,-0.167051626,-0.98594815,0.38963045,-0.920971288,0,0,0,0,0,0.33,-1.108662625,47.2
4.12,16.9744,0,4.18,4.404,4.405,4.167333333,-0.39,0.1521,-0.059319,25.5,26.92857143,26.93478261,0,0,0.772156584,0.98130647,0.192451582,0.98130647,0.192451582,0.98130647,-0.925924777,0.377707965,-0.954966755,-0.296712819,-0.548842958,-0.835925479,0.107381347,-0.994217907,0.714673386,-0.699458327,0.996298175,-0.085964799,0,0,0,0,0,0.4,-0.916290732,46.4
3.95,15.6025,0,3.98,4.058,4.3125,4.342666667,-0.17,0.0289,-0.004913,25.5,24.14285714,26.13043478,0,0,0.677614789,0.996658902,-0.081676395,0.996658902,-0.081676395,0.996658902,-0.986657933,-0.162807013,-0.548842958,-0.835925479,0.242849722,-0.970063922,0.877960085,-0.47873384,0.946987753,0.321269662,0.405425728,0.914127988,0,0,0,0,0,0.48,-0.733969175,46.7
3.41,11.6281,0,3.635,3.86,4.025,4.355333333,-0.54,0.2916,-0.157464,18,21.64285714,25.97826087,0,0,0.570242293,0.936881346,-0.349647455,0.936881346,-0.349647455,0.936881346,-0.755493314,-0.655156357,0.107381347,-0.994217907,0.877960085,-0.47873384,0.893918597,0.448229342,0.141540295,0.989932495,-0.732494072,0.680773409,0,0,0,0,0,0.56,-0.579818495,47.2
3.68,13.5424,0,3.66,3.5,3.8675,4.214666667,0.27,0.0729,0.019683,23.5,17.92857143,24.69565217,27.46666667,0,0.482507742,0.845249057,-0.534372558,0.845249057,-0.534372558,0.845249057,-0.428891938,-0.903355802,0.584298174,-0.811539059,0.992748722,0.120208045,0.373719715,0.927541684,-0.632103411,0.774884041,-0.983709294,-0.179766586,0,0,0,0,0,0.62,-0.478035801,48.9
3.53,12.4609,0,3.42,3.632,3.58125,4.014,-0.15,0.0225,-0.003375,24.5,22.92857143,21.91304348,27.25,0,0.38963045,0.717676914,-0.696376226,0.717676914,-0.696376226,0.717676914,-0.030120305,-0.999546281,0.908817637,-0.417193603,0.738326354,0.674443619,-0.333468779,0.942761143,-0.998185534,0.060213277,-0.444378178,-0.895839291,0,0,0,0,0,0.68,-0.385662481,49.3
4.69,21.9961,0,4.41,3.724,3.6125,3.795333333,1.16,1.3456,1.560896,22,20.57142857,21.65217391,26.15,0,0.292600336,0.559589262,-0.828770087,0.559589262,-0.828770087,0.559589262,0.373719715,-0.927541684,0.996298175,0.085964799,0.209314646,0.977848342,-0.873807104,0.486272707,-0.72066715,-0.693281227,0.452072204,-0.891981346,0,0,0,0,0,0.74,-0.301105093,49.7
4.86,23.6196,0,4.765,4.694,3.74375,3.660666667,0.17,0.0289,0.004913,20,19.35714286,20.7173913,25.81666667,0,0.192451582,0.377707965,-0.925924777,0.377707965,-0.925924777,0.377707965,0.714673386,-0.699458327,0.823923006,0.566701756,-0.397542814,0.917583626,-0.976938493,-0.213520915,0.021516097,-0.999768502,0.985220107,-0.171293144,0,0.2,0,0,0,0.8,-0.223143551,50.2
6.65,44.2225,0,6.895,6.202,4.665,3.630666667,1.79,3.2041,5.735339,18.5,18.35714286,20.23913043,24.6,0,0.07309513,0.145799197,-0.989314204,0.145799197,-0.989314204,0.145799197,0.957485188,-0.288482433,0.357698239,0.933837229,-0.90519319,0.42500034,-0.490028666,-0.871706319,0.833555772,-0.552435313,0.611886401,0.790945657,0,0,0,0.057142857,0,0.87,-0.139262067,50.5
6.86,47.0596,0,6.78,6.726,6.2025,4.116,0.21,0.0441,0.009261,18.5,18.5,19.97826087,22.8,0,-0.047321388,-0.09453675,-0.995521372,-0.09453675,-0.995521372,-0.09453675,0.982125606,0.18822671,-0.23449139,0.972118197,-0.95993269,-0.280230675,0.325342085,-0.945596387,0.929141411,0.369724543,-0.413278608,0.91060463,0,0,0.68,0.0125,0.05,0.94,-0.061875404,50.8
6.784,46.022656,0,6.809,6.828,6.75625,5.474666667,-0.076,0.005776,-0.000438976,16,17.71428571,18.65217391,21.81666667,0,-0.183998352,-0.361713731,-0.932289213,-0.361713731,-0.932289213,-0.361713731,0.738326354,0.674443619,-0.798779373,0.601624063,-0.444378178,-0.895839291,0.962309077,-0.271958158,0.09025161,0.995918996,-0.995521372,-0.09453675,0,0,2.64,0.425,0.028571429,1.02,0.019802627,51.3
6.544,42.823936,0,6.354,6.656,6.82725,6.454,-0.24,0.0576,-0.013824,12,14.14285714,18.2173913,20.55,0,-0.300819808,-0.573772268,-0.819014887,-0.573772268,-0.819014887,-0.573772268,0.341570769,0.939856058,-0.999074115,0.043022233,0.259511797,-0.965739938,0.842941537,0.538005172,-0.766658819,0.642054713,-0.38168922,-0.924290722,0,5.5,0,1.65,0.233333333,1.09,0.086177696,51.5
6.314,39.866596,0,6.309,6.502,6.59775,6.7956,-0.23,0.0529,-0.012167,11,11.21428571,16.86956522,19.83333333,0,-0.413278608,-0.752666828,-0.658401585,-0.752666828,-0.658401585,-0.752666828,-0.133014707,0.991114064,-0.847540923,-0.530730048,0.833555772,-0.552435313,0.158559385,0.987349442,-0.964614176,-0.263665493,0.638749422,-0.769414827,0,0,3.98,1.375,1.106666667,1.16,0.148420005,52
6.444,41.525136,0,6.384,6.34,6.4315,6.763866667,0.13,0.0169,0.002197,11,9.5,14.91304348,20.08333333,25.29166667,-0.504961055,-0.871706319,-0.490028666,-0.871706319,-0.490028666,-0.871706319,-0.519743812,0.85432217,-0.474951072,-0.880012204,0.999407401,0.034421612,-0.534372558,0.845249057,-0.459732739,-0.888057323,0.998666816,0.051619667,0,3.9,1.02,3.8625,0.88,1.22,0.198850859,52.1
6.354,40.373316,0,6.374,6.44,6.35025,6.6208,-0.09,0.0081,-0.000729,8.5,10.35714286,12.36956522,19.36666667,24.7,-0.591261445,-0.953680997,-0.300819808,-0.953680997,-0.300819808,-0.953680997,-0.819014887,0.573772268,0.021516097,-0.999768502,0.793571609,0.60847687,-0.95993269,0.280230675,0.341570769,-0.939856058,0.556017437,0.831170626,0,10.4,2.42,1.575,2.133333333,1.28,0.246860078,52
6.384,40.755456,0,6.264,6.248,6.41275,6.414,0.03,0.0009,2.7E-05,4.5,7,11,18.05,23.60833333,-0.683919422,-0.997917161,-0.064508449,-0.997917161,-0.064508449,-0.997917161,-0.99167732,0.128748177,0.584298174,-0.811539059,0.192451582,0.98130647,-0.847540923,-0.530730048,0.966847814,-0.255353295,-0.474951072,0.880012204,0,0,0.16,5.05,2.4,1.35,0.300104592,51.7
6.704,44.943616,0,6.774,6.574,6.26775,6.39,0.32,0.1024,0.032768,3.5,4.857142857,9.369565217,16.35,23.00833333,-0.766658819,-0.984473817,0.17553149,-0.984473817,0.17553149,-0.984473817,-0.938377392,-0.345612313,0.941317318,-0.3375229,-0.504961055,0.863142128,-0.167051626,-0.98594815,0.761104259,0.648629561,-0.999962959,-0.008606997,0,0,0,1.35,2.366666667,1.42,0.350656872,51.6
6.894,47.527236,0,6.904,6.648,6.64025,6.338,0.19,0.0361,0.006859,5,3.071428571,7.326086957,14.33333333,21.85833333,-0.847540923,-0.89963087,0.436651232,-0.89963087,0.436651232,-0.89963087,-0.618671403,-0.785649855,0.941317318,0.3375229,-0.976938493,0.213520915,0.714673386,-0.699458327,-0.23449139,0.972118197,-0.317191289,-0.94836158,0,0,0,0,2.746666667,1.5,0.405465108,51.5
6.774,45.887076,0,6.799,6.75,6.694,6.411333333,-0.12,0.0144,-0.001728,7,4.071428571,5.413043478,12.73333333,20.96666667,-0.897743394,-0.790945657,0.611886401,-0.790945657,0.611886401,-0.790945657,-0.251190064,-0.967937783,0.651898996,0.758305808,-0.91928597,-0.393590277,0.998666816,-0.051619667,-0.873807104,0.486272707,0.570242293,-0.821476553,0,0,0,0,1.44,1.56,0.444685821,51.2
6.704,44.943616,0,6.779,6.858,6.76525,6.636666667,-0.07,0.0049,-0.000343,3,5.928571429,4.282608696,10.35,19.85,-0.949717843,-0.594726687,0.803927962,-0.594726687,0.803927962,-0.594726687,0.292600336,-0.956234827,0.021516097,0.999768502,-0.333468779,-0.942761143,0.611886401,0.790945657,-0.828770087,-0.559589262,0.962309077,0.271958158,0,0,0,0,0,1.64,0.494696242,51.5
6.814,46.430596,0,6.854,6.642,6.584,6.798,0.11,0.0121,0.001331,5.5,5.357142857,5,6.583333333,17.33333333,-0.998185534,-0.120208045,0.992748722,-0.120208045,0.992748722,-0.120208045,0.971100052,-0.238672766,-0.954966755,0.296712819,0.935367949,-0.353676122,-0.912374758,0.409355959,0.886070622,-0.463550271,-0.856550996,0.516062391,0,0,0,0,0,1.79,0.58221562,51.7
6.534,42.693156,0,6.504,6.526,6.73775,6.629333333,-0.28,0.0784,-0.021952,-1,3.5,5.52173913,4.45,14.70833333,-0.986657933,0.321269662,0.946987753,0.321269662,0.946987753,0.321269662,0.793571609,0.60847687,-0.683919422,-0.729557554,0.556017437,0.831170626,-0.413278608,-0.91060463,0.259511797,0.965739938,-0.098820139,-0.995105311,0,0,0.1,0,0,1.92,0.652325186,52
6.954,48.358116,0,6.984,6.794,6.49525,6.652,0.42,0.1764,0.074088,8,4.071428571,3.086956522,5.15,11.33333333,-0.91928597,0.723644038,0.690173388,0.723644038,0.690173388,0.723644038,-0.047321388,0.998879716,0.436651232,-0.89963087,-0.755493314,0.655156357,0.952377576,-0.304921225,-0.995521372,-0.09453675,0.877960085,0.47873384,0,0,0,0.0875,0.033333333,2.06,0.722705983,52.1
7.004,49.056016,0,6.829,6.878,6.90775,6.66,0.05,0.0025,0.000125,5.5,6.928571429,4.304347826,5.283333333,7.808333333,-0.788305056,0.970063922,0.242849722,0.970063922,0.242849722,0.970063922,-0.882048025,0.471159508,0.985220107,0.171293144,-0.671259958,-0.741222011,0.07309513,0.997324973,0.556017437,-0.831170626,-0.949717843,0.313107041,0,0,0,0.575,0.046666667,2.21,0.792992516,51.8
7.054,49.758916,0,7.079,6.98,6.939,6.887333333,0.05,0.0025,0.000125,12,8.571428571,7.108695652,3.316666667,6.133333333,-0.60505607,0.963470549,-0.267814305,0.963470549,-0.267814305,0.963470549,-0.856550996,-0.516062391,0.107381347,0.994217907,0.726607525,-0.687052767,-0.986657933,-0.162807013,0.467359217,0.88406751,0.421100871,-0.907013813,0,0,0,0,0.306666667,2.34,0.850150929,51.4
7.074,50.041476,0,7.089,6.954,6.93275,6.971333333,0.02,0.0004,8E-06,19.5,12.85714286,9.304347826,4.916666667,4.858333333,-0.38168922,0.70558361,-0.708626678,0.70558361,-0.708626678,0.70558361,0.004303538,-0.99999074,-0.925924777,0.377707965,0.702527474,0.711656622,0.38963045,-0.920971288,-0.999962959,-0.008606997,0.373719715,0.927541684,0,0,0,0.0875,0,2.49,0.91228271,52.5
6.824,46.566976,0,6.824,6.752,7.01775,6.962,-0.25,0.0625,-0.015625,12,12.78571429,13.86956522,7.583333333,4.291666667,-0.1159346,0.23030567,-0.973118337,0.23030567,-0.973118337,0.23030567,0.893918597,-0.448229342,-0.548842958,-0.835925479,-0.766658819,0.642054713,0.726607525,0.687052767,0.598180914,-0.801361088,-0.865307254,-0.501241813,0,0,0,0,0.046666667,2.65,0.97455964,53.7
7.054,49.758916,0,7.074,7.048,6.85775,6.903333333,0.23,0.0529,0.012167,24,22.14285714,14.60869565,10.6,5.066666667,0.141540295,-0.280230675,-0.95993269,-0.280230675,-0.95993269,-0.280230675,0.842941537,0.538005172,0.651898996,-0.758305808,-0.658401585,-0.752666828,-0.838279705,0.545240439,0.421100871,0.907013813,0.957485188,-0.288482433,0,0,0,0.1375,0,2.8,1.029619417,54.7
6.774,45.887076,0,6.659,6.756,6.929,6.95,-0.28,0.0784,-0.021952,26.5,20.21428571,20.19565217,13.61666667,5.541666667,0.38963045,-0.717676914,-0.696376226,-0.717676914,-0.696376226,-0.717676914,-0.030120305,0.999546281,0.908817637,0.417193603,0.738326354,-0.674443619,-0.333468779,-0.942761143,-0.998185534,-0.060213277,-0.444378178,0.895839291,0,0,1.4,0.575,0.073333333,2.95,1.08180517,56.3
6.784,46.022656,0,6.854,6.97,6.939,6.835333333,0.01,0.0001,1E-06,27,25,22.26086957,16.36666667,7.841666667,0.611886401,-0.967937783,-0.251190064,-0.967937783,-0.251190064,-0.967937783,-0.873807104,0.486272707,-0.150055398,0.98867759,0.690173388,0.723644038,0.99467082,-0.103101697,0.527077709,-0.849817092,-0.349647455,-0.936881346,0,0,0,2.125,0.773333333,3.1,1.131402111,55.8
6.644,44.142736,0,6.694,6.972,6.859,6.938666667,-0.14,0.0196,-0.002744,29,29.71428571,25.13043478,20.68333333,10.68333333,0.803927962,-0.956234827,0.292600336,-0.956234827,0.292600336,-0.956234827,-0.828770087,-0.559589262,-0.999074115,0.043022233,-0.777597147,0.628762815,-0.251190064,0.967937783,0.373719715,0.927541684,0.852077521,0.523415607,0,0.05,3.84,0.8875,1.186666667,3.26,1.181727195,55.4
6.844,46.840336,0,6.964,6.91,6.63775,6.874666667,0.2,0.04,0.008,23,25.28571429,27.69565217,23,13.825,0.929141411,-0.687052767,0.726607525,-0.687052767,0.726607525,-0.687052767,0.05591699,-0.998435421,-0.317191289,-0.94836158,-0.645348113,-0.763888613,-0.882048025,-0.471159508,-0.99374658,-0.111659007,-0.964614176,0.263665493,0,0,7.36,1.775,1.76,3.41,1.226712291,54.8
6.724,45.212176,0,6.719,6.734,6.9165,6.772,-0.12,0.0144,-0.001728,33,28.21428571,26.56521739,26.2,17.15,0.992748722,-0.238672766,0.971100052,-0.238672766,0.971100052,-0.238672766,0.886070622,-0.463550271,0.823923006,-0.566701756,0.749826401,-0.661634618,0.664855398,-0.746972088,0.570242293,-0.821476553,0.467359217,-0.88406751,0,0,19.32,1.85,3.4,3.56,1.269760545,54.6
6.994,48.916036,0,6.974,7.046,6.88525,6.829333333,0.27,0.0729,0.019683,32,29.85714286,27.41304348,27.13333333,19.775,0.990532452,0.271958158,0.962309077,0.271958158,0.962309077,0.271958158,0.852077521,0.523415607,0.772156584,0.635432301,0.677614789,0.735417023,0.570242293,0.821476553,0.452072204,0.891981346,0.325342085,0.945596387,0,0,4.82,41.05,7.426666667,3.71,1.311031877,54.4
6.934,48.080356,0,6.924,6.924,6.974,6.872,-0.06,0.0036,-0.000216,27,27.28571429,29.56521739,26.9,25.025,0.842941537,0.907013813,0.421100871,0.907013813,0.421100871,0.907013813,-0.645348113,0.763888613,-0.954966755,0.296712819,-0.964614176,-0.263665493,-0.671259958,-0.741222011,-0.167051626,-0.98594815,0.38963045,-0.920971288,0,1.95,0,3.0125,12.54666667,3.96,1.376244025,56.2
6.624,43.877376,0,6.729,6.93,6.89775,6.909333333,-0.31,0.0961,-0.029791,19.5,18.07142857,22.2826087,25.4,27.94166667,0.124479264,0.24702218,-0.969009826,0.24702218,-0.969009826,0.24702218,0.877960085,-0.47873384,0.584298174,0.811539059,-0.732494072,0.680773409,-0.766658819,-0.642054713,0.541627821,-0.840618406,0.901501684,0.432775593,0,0,0.08,0.0125,0.026666667,4.47,1.497388409,57.2
7.044,49.617936,0,7.019,6.912,6.8465,6.916666667,0.42,0.1764,0.074088,5,8.714285714,11.41304348,20.28333333,26.40833333,-0.534372558,-0.903355802,-0.428891938,-0.903355802,-0.428891938,-0.903355802,-0.632103411,0.774884041,-0.317191289,-0.94836158,0.971100052,0.238672766,-0.72066715,0.693281227,-0.200890555,-0.979613692,0.935367949,0.353676122,3.1,4.35,2.58,0.075,2.9,4.87,1.583093937,58.1
6.984,48.776256,0,6.809,6.574,6.6965,6.938,-0.06,0.0036,-0.000216,6,4.571428571,4.739130435,13.63333333,23.05833333,-0.809016994,-0.951056516,0.309016994,-0.951056516,0.309016994,-0.951056516,-0.809016994,-0.587785252,1,-1.71521E-15,-0.809016994,0.587785252,0.309016994,-0.951056516,0.309016994,0.951056516,-0.809016994,-0.587785252,0,0,0,0,3.086666667,5.09,1.627277831,54.4
6.944,0,0,6.909,6.948,6.9515,6.97,-0.04,0.0016,-6.4E-05,3,1.571428571,3.826086957,4.033333333,16.86666667,-0.998185534,-0.120208045,0.992748722,-0.120208045,0.992748722,-0.120208045,0.971100052,-0.238672766,-0.954966755,0.296712819,0.935367949,-0.353676122,-0.912374758,0.409355959,0.886070622,-0.463550271,-0.856550996,0.516062391,0,0,0,0,0,5.42,1.690095815,53.7
6.774,0,0,6.859,6.866,6.779,6.833333333,-0.17,0.0289,-0.004913,9,6.357142857,4.652173913,1.816666667,5.816666667,-0.788305056,0.970063922,0.242849722,0.970063922,0.242849722,0.970063922,-0.882048025,0.471159508,0.985220107,0.171293144,-0.671259958,-0.741222011,0.07309513,0.997324973,0.556017437,-0.831170626,-0.949717843,0.313107041,0,0,0,0.575,0.046666667,5.84,1.764730797,53.9
7.004,0,0,6.999,6.952,6.85525,6.820666667,0.23,0.0529,0.012167,13,12.78571429,10.41304348,4.533333333,2.85,-0.413278608,0.752666828,-0.658401585,0.752666828,-0.658401585,0.752666828,-0.133014707,-0.991114064,-0.847540923,0.530730048,0.833555772,0.552435313,0.158559385,-0.987349442,-0.964614176,0.263665493,0.638749422,0.769414827,0,0,0,0.0875,0,6.12,1.811562097,54.2
6.944,0,0,6.844,6.732,6.969,6.958,-0.06,0.0036,-0.000216,18.5,19.78571429,18.65217391,11.26666667,3.433333333,0.124479264,-0.24702218,-0.969009826,-0.24702218,-0.969009826,-0.24702218,0.877960085,0.47873384,0.584298174,-0.811539059,-0.732494072,-0.680773409,-0.766658819,0.642054713,0.541627821,0.840618406,0.901501684,-0.432775593,3.1,0,0,0.1375,0,6.44,1.86252854,54.6
6.964,0,0,6.984,6.978,6.93275,6.842,0.02,0.0004,8E-06,24.5,22.71428571,22.04347826,18.93333333,8.408333333,0.611886401,-0.967937783,-0.251190064,-0.967937783,-0.251190064,-0.967937783,-0.873807104,0.486272707,-0.150055398,0.98867759,0.690173388,0.723644038,0.99467082,-0.103101697,0.527077709,-0.849817092,-0.349647455,-0.936881346,0,0.55,0,2.0875,0.586666667,6.75,1.909542505,55
6.954,0,0,6.779,6.786,6.824,6.942666667,-0.01,1E-04,-1E-06,29.5,28.5,26.63043478,22.4,15.44166667,0.929141411,-0.687052767,0.726607525,-0.687052767,0.726607525,-0.687052767,0.05591699,-0.998435421,-0.317191289,-0.94836158,-0.645348113,-0.763888613,-0.882048025,-0.471159508,-0.99374658,-0.111659007,-0.964614176,0.263665493,10.8,0,6.5,2.2125,1.813333333,7.06,1.954445052,53.9
7.324,0,0,6.824,6.78,7.0065,6.918,0.37,0.1369,0.050653,31.5,32,27.7173913,27.3,20.95,0.985220107,0.3375229,0.941317318,0.3375229,0.941317318,0.3375229,0.772156584,0.635432301,0.651898996,0.758305808,0.512371412,0.858763958,0.357698239,0.933837229,0.192451582,0.98130647,0.021516097,0.999768502,94.2,0,0.62,36.825,10.56666667,7.38,1.998773639,54.1
7.474,0,0,7.499,7.44,7.45525,7.237333333,0.15,0.0225,0.003375,23.5,28.42857143,29.30434783,28.46666667,24.56666667,0.803927962,0.956234827,0.292600336,0.956234827,0.292600336,0.956234827,-0.828770087,0.559589262,-0.999074115,-0.043022233,-0.777597147,-0.628762815,-0.251190064,-0.967937783,0.373719715,-0.927541684,0.852077521,-0.523415607,0,1.85,0.78,1.05,13.53333333,7.65,2.034705648,54.7
7.434,0,0,7.534,7.448,7.4765,7.48,-0.04,0.0016,-6.4E-05,21.5,23.28571429,26.5,29.1,27.7,0.405425728,0.741222011,-0.671259958,0.741222011,-0.671259958,0.741222011,-0.098820139,-0.995105311,0.869589389,-0.49377555,0.803927962,0.594726687,-0.21772323,0.976010551,-0.98046916,0.19667289,-0.577291617,-0.816538051,0.2,0,0.04,0,0.14,7.95,2.073171929,53.6
7.384,0,0,7.454,7.454,7.45525,7.472666667,-0.05,0.0025,-0.000125,15.5,16.92857143,22.30434783,27.16666667,28.99166667,0.07309513,0.145799197,-0.989314204,0.145799197,-0.989314204,0.145799197,0.957485188,-0.288482433,0.357698239,0.933837229,-0.90519319,0.42500034,-0.490028666,-0.871706319,0.833555772,-0.552435313,0.611886401,0.790945657,8,0,0,0.95,0.033333333,8.15,2.098017927,56.2
7.494,0,0,7.419,7.484,7.48775,7.441333333,0.11,0.0121,0.001331,12,11.21428571,14.23913043,21.05,28.36666667,-0.428891938,-0.774884041,-0.632103411,-0.774884041,-0.632103411,-0.774884041,-0.200890555,0.979613692,-0.798779373,-0.601624063,0.886070622,-0.463550271,0.038722281,0.999250011,-0.91928597,-0.393590277,0.749826401,-0.661634618,0,0,2.16,0,4.98,8.45,2.134166441,55.2
7.584,0,0,7.434,7.466,7.459,7.482666667,0.09,0.0081,0.000729,6,6.642857143,8.434782609,13.81666667,24.50833333,-0.798779373,-0.961129784,0.276096973,-0.961129784,0.276096973,-0.961129784,-0.847540923,-0.530730048,0.996298175,-0.085964799,-0.74410394,0.668063864,0.192451582,-0.98130647,0.436651232,0.89963087,-0.890027576,-0.455906694,0,0.75,0,0,0.286666667,8.73,2.16676537,57.1
7.454,0,0,7.479,7.474,7.49275,7.484,-0.13,0.0169,-0.002197,4,3.428571429,3.804347826,8.016666667,17.64166667,-0.99167732,-0.255353295,0.966847814,-0.255353295,0.966847814,-0.255353295,0.869589389,-0.49377555,-0.798779373,0.601624063,0.714673386,-0.699458327,-0.618671403,0.785649855,0.512371412,-0.858763958,-0.397542814,0.917583626,0,0,3.04,0,0.78,9.03,2.200552367,59.5
7.614,0,0,7.659,7.662,7.64525,7.660666667,0.16,0.0256,0.004096,11,5,2.456521739,3.45,9.758333333,-0.890027576,0.811539059,0.584298174,0.811539059,0.584298174,0.811539059,-0.317191289,0.94836158,0.714673386,-0.699458327,-0.954966755,0.296712819,0.985220107,0.171293144,-0.798779373,-0.601624063,0.436651232,0.89963087,0,0,0,0,0,9.38,2.238579763,56.2
7.694,0,0,7.654,7.648,7.6665,7.663333333,0.08,0.0064,0.000512,14.5,11.57142857,10.56521739,5.033333333,4.2,-0.365722523,0.680773409,-0.732494072,0.680773409,-0.732494072,0.680773409,0.07309513,-0.997324973,-0.954966755,0.296712819,0.625410573,0.780295851,0.497513289,-0.867456355,-0.989314204,-0.145799197,0.226115686,0.974100455,0,0,0.7,0.025,0,9.8,2.282382386,57.2
7.564,0,0,7.629,7.6844,7.65775,7.649333333,-0.13,0.0169,-0.002197,18.5,16.78571429,13.26086957,9,3.25,-0.064508449,0.128748177,-0.99167732,0.128748177,-0.99167732,0.128748177,0.966847814,-0.255353295,-0.317191289,-0.94836158,-0.925924777,0.377707965,0.436651232,0.89963087,0.869589389,-0.49377555,-0.548842958,-0.835925479,2.5,0,1.04,4.2875,0.266666667,9.98,2.30058309,57.8
7.694,0,0,7.639,7.634,7.659,7.635333333,0.13,0.0169,0.002197,25,24.85714286,21.34782609,14.08333333,6.025,0.436651232,-0.785649855,-0.618671403,-0.785649855,-0.618671403,-0.785649855,-0.23449139,0.972118197,0.772156584,0.635432301,0.908817637,-0.417193603,0.021516097,-0.999768502,-0.890027576,-0.455906694,-0.798779373,0.601624063,0,0,0,1.375,0.166666667,10.28,2.33020026,59.3
7.704,0,0,7.654,7.624,7.644,7.656666667,0.01,0.0001,1E-06,27.5,26.57142857,26.23913043,22.16666667,11.54166667,0.823923006,-0.933837229,0.357698239,-0.933837229,0.357698239,-0.933837229,-0.74410394,-0.668063864,-0.99167732,-0.128748177,-0.890027576,0.455906694,-0.474951072,0.880012204,0.107381347,0.994217907,0.651898996,0.758305808,0,0.2,1.48,2.2125,3.893333333,10.58,2.358965426,58.8
7.714,0,0,7.629,7.658,7.629,7.651333333,0.01,1E-04,1E-06,30.5,32.57142857,29.17391304,26.4,18.34166667,0.997630305,-0.137278772,0.990532452,-0.137278772,0.990532452,-0.137278772,0.962309077,-0.271958158,0.941317318,-0.3375229,0.915864288,-0.401487989,0.886070622,-0.463550271,0.852077521,-0.523415607,0.814046094,-0.580800273,46,14.2,2.48,0.725,4.593333333,10.89,2.387844937,57.9
7.582,0,0,7.637,7.6368,7.6965,7.674,-0.132,0.017424,-0.002299968,29,30.57142857,30.10869565,29.91666667,24.24166667,0.908817637,0.758305808,0.651898996,0.758305808,0.651898996,0.758305808,-0.150055398,0.98867759,-0.548842958,0.835925479,-0.847540923,0.530730048,-0.99167732,0.128748177,-0.954966755,-0.296712819,-0.74410394,-0.668063864,0,16.85,1,8.5125,9.266666667,11.18,2.414126468,59.6
7.592,0,0,7.597,7.604,7.67325,7.650666667,0.01,1E-04,1E-06,24,24.28571429,25.39130435,30.18333333,28.225,0.541627821,0.91060463,-0.413278608,0.91060463,-0.413278608,0.91060463,-0.658401585,-0.752666828,0.276096973,-0.961129784,0.957485188,-0.288482433,0.761104259,0.648629561,-0.133014707,0.991114064,-0.90519319,0.42500034,0.3,0,0.04,0.9875,1.366666667,11.51,2.443216223,58.7
7.632,0,0,7.692,7.64,7.612,7.614666667,0.04,0.0016,6.4E-05,15.5,16.07142857,18.5,24.51666667,30.34166667,-0.047321388,-0.09453675,-0.995521372,-0.09453675,-0.995521372,-0.09453675,0.982125606,0.18822671,-0.23449139,0.972118197,-0.95993269,-0.280230675,0.325342085,-0.945596387,0.929141411,0.369724543,-0.413278608,0.91060463,0,0,2.5,1.1,1.04,11.87,2.474014209,58.4
7.612,0,0,7.582,7.662,7.572,7.62,-0.02,0.0004,-8E-06,13.5,14.42857143,15.17391304,20.46666667,27.875,-0.413278608,-0.752666828,-0.658401585,-0.752666828,-0.658401585,-0.752666828,-0.133014707,0.991114064,-0.847540923,-0.530730048,0.833555772,-0.552435313,0.158559385,0.987349442,-0.964614176,-0.263665493,0.638749422,-0.769414827,0,0,0,0,0.906666667,12.09,2.492378665,60.8
7.722,0,0,7.647,7.628,7.62325,7.639333333,0.11,0.0121,0.001331,6.5,3.214285714,5.804347826,12.96666667,21.225,-0.882048025,-0.831170626,0.556017437,-0.831170626,0.556017437,-0.831170626,-0.38168922,-0.924290722,0.772156584,0.635432301,-0.98046916,-0.19667289,0.957485188,-0.288482433,-0.708626678,0.70558361,0.292600336,-0.956234827,0,0,0.22,0.025,0,12.47,2.52332576,60.9
7.612,0,0,7.687,7.626,7.64325,7.639333333,-0.11,0.0121,-0.001331,3.5,2,2.739130435,5.266666667,16.09166667,-0.999962959,-0.017213356,0.999851839,-0.017213356,0.999851839,-0.017213356,0.999407401,-0.034421612,-0.999074115,0.043022233,0.998666816,-0.051619667,-0.998185534,0.060213277,0.997630305,-0.068802427,-0.99700117,0.077386479,0,0,0,0.375,0,12.75,2.545531272,60.1
7.692,0,0,7.642,7.574,7.6595,7.640666667,0.08,0.0064,0.000512,5,9.642857143,3.652173913,0.616666667,7.458333333,-0.755493314,0.989932495,0.141540295,0.989932495,0.141540295,0.989932495,-0.95993269,0.280230675,0.908817637,0.417193603,-0.413278608,-0.91060463,-0.284359187,0.958717817,0.842941537,-0.538005172,-0.989314204,-0.145799197,0,1.85,0,0.025,0,13.17,2.577941516,61.2
7.592,0,0,7.562,7.618,7.6295,7.626,-0.1,0.01,-0.001,18.5,8.571428571,10.10869565,2.183333333,3.691666667,-0.459732739,0.816538051,-0.577291617,0.816538051,-0.577291617,0.816538051,-0.333468779,-0.942761143,-0.683919422,0.729557554,0.962309077,0.271958158,-0.200890555,-0.979613692,-0.777597147,0.628762815,0.915864288,0.401487989,0.1,0,1.14,0,0.44,13.39,2.59450816,60.8
7.122,0,0,7.182,7.3,7.6295,7.607333333,-0.47,0.2209,-0.103823,23,17.85714286,17.65217391,12.21666667,2.558333333,0.141540295,-0.280230675,-0.95993269,-0.280230675,-0.95993269,-0.280230675,0.842941537,0.538005172,0.651898996,-0.758305808,-0.658401585,-0.752666828,-0.838279705,0.545240439,0.421100871,0.907013813,0.957485188,-0.288482433,0,0,10.22,3.45,0.186666667,13.75,2.621038824,60.6
7.082,0,0,7.177,7.092,7.1145,7.487333333,-0.04,0.0016,-6.4E-05,25.5,21.42857143,19.41304348,15.71666667,4.7,0.373719715,-0.693281227,-0.72066715,-0.693281227,-0.72066715,-0.693281227,0.038722281,0.999250011,0.941317318,0.3375229,0.664855398,-0.746972088,-0.444378178,-0.895839291,-0.99700117,0.077386479,-0.300819808,0.953680997,0,1.5,0,0.25,5.353333333,13.89,2.631169157,61.1
6.862,0,0,6.857,6.89,7.12825,7.104,-0.22,0.0484,-0.010648,28.5,26.14285714,23.47826087,18.65,10.26666667,0.702527474,-0.999916659,-0.012910296,-0.999916659,-0.012910296,-0.999916659,-0.999666649,0.02581844,-0.683919422,0.729557554,0.038722281,0.999250011,0.738326354,0.674443619,0.998666816,-0.051619667,0.664855398,-0.746972088,0,4.75,0,2.5,3.733333333,14.12,2.647592232,62.7
7.182,0,0,7.042,6.978,7.0345,7.090666667,0.32,0.1024,0.032768,30,28,28.93478261,25.75,17.90833333,0.990532452,-0.271958158,0.962309077,-0.271958158,0.962309077,-0.271958158,0.852077521,-0.523415607,0.772156584,-0.635432301,0.677614789,-0.735417023,0.570242293,-0.821476553,0.452072204,-0.891981346,0.325342085,-0.945596387,1.5,4.25,4,0.3125,1.333333333,14.5,2.674148649,63
